{"sources":[{"balance":0.5,"deinterlace_field_order":0,"deinterlace_mode":0,"enabled":true,"flags":0,"hotkeys":{"ObsBrowser.Refresh":[],"libobs.mute":[],"libobs.push-to-mute":[],"libobs.push-to-talk":[],"libobs.unmute":[]},"id":"browser_source","mixers":253,"monitoring_type":2,"muted":false,"name":"[SC] Championship","prev_ver":486539266,"private_settings":{},"push-to-mute":false,"push-to-mute-delay":0,"push-to-talk":false,"push-to-talk-delay":0,"settings":{"height":1280,"is_local_file":true,"local_file":"E:/SB Extensions/SongChampionships/championship.html","reroute_audio":true,"restart_when_active":true,"shutdown":true,"width":1920},"sync":0,"versioned_id":"browser_source","volume":0.15970948338508606},{"balance":0.5,"deinterlace_field_order":0,"deinterlace_mode":0,"enabled":true,"flags":0,"hotkeys":{},"id":"text_gdiplus","mixers":0,"monitoring_type":0,"muted":false,"name":"[SC] Votes left","prev_ver":486539266,"private_settings":{},"push-to-mute":false,"push-to-mute-delay":0,"push-to-talk":false,"push-to-talk-delay":0,"settings":{"color":4280900337,"font":{"face":"Aquire","flags":0,"size":256,"style":"Regular"},"text":"1"},"sync":0,"versioned_id":"text_gdiplus_v2","volume":1.0},{"balance":0.5,"deinterlace_field_order":0,"deinterlace_mode":0,"enabled":true,"flags":0,"hotkeys":{},"id":"text_gdiplus","mixers":0,"monitoring_type":0,"muted":false,"name":"[SC] Votes right","prev_ver":486539266,"private_settings":{},"push-to-mute":false,"push-to-mute-delay":0,"push-to-talk":false,"push-to-talk-delay":0,"settings":{"color":4280900337,"font":{"face":"Aquire","flags":0,"size":256,"style":"Regular"},"text":"0"},"sync":0,"versioned_id":"text_gdiplus_v2","volume":1.0},{"balance":0.5,"deinterlace_field_order":0,"deinterlace_mode":0,"enabled":true,"filters":[{"balance":0.5,"deinterlace_field_order":0,"deinterlace_mode":0,"enabled":true,"flags":0,"hotkeys":{},"id":"chroma_key_filter","mixers":0,"monitoring_type":0,"muted":false,"name":"Chroma Key","prev_ver":486539266,"private_settings":{},"push-to-mute":false,"push-to-mute-delay":0,"push-to-talk":false,"push-to-talk-delay":0,"settings":{"similarity":377,"smoothness":115,"spill":179},"sync":0,"versioned_id":"chroma_key_filter_v2","volume":1.0}],"flags":0,"hotkeys":{"MediaSource.Pause":[],"MediaSource.Play":[],"MediaSource.Restart":[],"MediaSource.Stop":[],"libobs.mute":[],"libobs.push-to-mute":[],"libobs.push-to-talk":[],"libobs.unmute":[]},"id":"ffmpeg_source","mixers":255,"monitoring_type":2,"muted":false,"name":"KO RIGHT","prev_ver":486539266,"private_settings":{},"push-to-mute":false,"push-to-mute-delay":0,"push-to-talk":false,"push-to-talk-delay":0,"settings":{"clear_on_media_end":true,"close_when_inactive":true,"hw_decode":false,"local_file":"C:/Users/Denis/Downloads/KO.mp4"},"sync":0,"versioned_id":"ffmpeg_source","volume":0.035247992724180222},{"balance":0.5,"deinterlace_field_order":0,"deinterlace_mode":0,"enabled":true,"filters":[{"balance":0.5,"deinterlace_field_order":0,"deinterlace_mode":0,"enabled":true,"flags":0,"hotkeys":{},"id":"chroma_key_filter","mixers":0,"monitoring_type":0,"muted":false,"name":"Chroma Key","prev_ver":486539266,"private_settings":{},"push-to-mute":false,"push-to-mute-delay":0,"push-to-talk":false,"push-to-talk-delay":0,"settings":{"similarity":377,"smoothness":115,"spill":179},"sync":0,"versioned_id":"chroma_key_filter_v2","volume":1.0}],"flags":0,"hotkeys":{"MediaSource.Pause":[],"MediaSource.Play":[],"MediaSource.Restart":[],"MediaSource.Stop":[],"libobs.mute":[],"libobs.push-to-mute":[],"libobs.push-to-talk":[],"libobs.unmute":[]},"id":"ffmpeg_source","mixers":255,"monitoring_type":2,"muted":false,"name":"KO LEFT","prev_ver":486539266,"private_settings":{"mixer_hidden":false},"push-to-mute":false,"push-to-mute-delay":0,"push-to-talk":false,"push-to-talk-delay":0,"settings":{"clear_on_media_end":true,"close_when_inactive":true,"local_file":"C:/Users/Denis/Downloads/KO.mp4"},"sync":0,"versioned_id":"ffmpeg_source","volume":0.029880102723836899},{"balance":0.5,"deinterlace_field_order":0,"deinterlace_mode":0,"enabled":true,"flags":0,"hotkeys":{},"id":"text_gdiplus","mixers":0,"monitoring_type":0,"muted":false,"name":"[SC] Round","prev_ver":486539266,"private_settings":{},"push-to-mute":false,"push-to-mute-delay":0,"push-to-talk":false,"push-to-talk-delay":0,"settings":{"align":"center","color":4280900337,"font":{"face":"Aquire","flags":0,"size":256,"style":"Regular"},"text":"Final"},"sync":0,"versioned_id":"text_gdiplus_v2","volume":1.0},{"balance":0.5,"deinterlace_field_order":0,"deinterlace_mode":0,"enabled":true,"flags":0,"hotkeys":{},"id":"text_gdiplus","mixers":0,"monitoring_type":0,"muted":false,"name":"[SC] Info","prev_ver":486539266,"private_settings":{},"push-to-mute":false,"push-to-mute-delay":0,"push-to-talk":false,"push-to-talk-delay":0,"settings":{"align":"center","color":4280900337,"font":{"face":"Aquire","flags":0,"size":200,"style":"Regular"},"outline":true,"outline_color":4278190080,"outline_size":9,"text":"Submissions are now closed\n\rThe championship is about to start!\n\rSongs 8/8"},"sync":0,"versioned_id":"text_gdiplus_v2","volume":1.0},{"balance":0.5,"deinterlace_field_order":0,"deinterlace_mode":0,"enabled":true,"flags":0,"hotkeys":{"ObsBrowser.Refresh":[],"libobs.mute":[],"libobs.push-to-mute":[],"libobs.push-to-talk":[],"libobs.unmute":[]},"id":"browser_source","mixers":255,"monitoring_type":0,"muted":false,"name":"[SC] CoinFlip","prev_ver":486539266,"private_settings":{},"push-to-mute":false,"push-to-mute-delay":0,"push-to-talk":false,"push-to-talk-delay":0,"settings":{"height":1080,"is_local_file":true,"local_file":"E:/SB Extensions/SongChampionships/coinflip/index.html","restart_when_active":true,"width":1920},"sync":0,"versioned_id":"browser_source","volume":1.0},{"balance":0.5,"deinterlace_field_order":0,"deinterlace_mode":0,"enabled":true,"flags":0,"hotkeys":{"MediaSource.Pause":[],"MediaSource.Play":[],"MediaSource.Restart":[],"MediaSource.Stop":[],"libobs.mute":[],"libobs.push-to-mute":[],"libobs.push-to-talk":[],"libobs.unmute":[]},"id":"ffmpeg_source","mixers":255,"monitoring_type":2,"muted":false,"name":"NextBattle","prev_ver":486539266,"private_settings":{},"push-to-mute":false,"push-to-mute-delay":0,"push-to-talk":false,"push-to-talk-delay":0,"settings":{"close_when_inactive":true,"local_file":"E:/Video Sources/Overlay effects/NextBattle.webm"},"sync":0,"versioned_id":"ffmpeg_source","volume":0.65336757898330688},{"balance":0.5,"deinterlace_field_order":0,"deinterlace_mode":0,"enabled":true,"flags":0,"hotkeys":{"ObsBrowser.Refresh":[],"libobs.mute":[],"libobs.push-to-mute":[],"libobs.push-to-talk":[],"libobs.unmute":[]},"id":"browser_source","mixers":255,"monitoring_type":2,"muted":true,"name":"[SC] Countdown 60","prev_ver":486539266,"private_settings":{},"push-to-mute":false,"push-to-mute-delay":0,"push-to-talk":false,"push-to-talk-delay":0,"settings":{"is_local_file":true,"local_file":"E:/SB Extensions/SongChampionships/60.html","reroute_audio":true,"restart_when_active":true},"sync":0,"versioned_id":"browser_source","volume":1.0},{"balance":0.5,"deinterlace_field_order":0,"deinterlace_mode":0,"enabled":true,"flags":0,"hotkeys":{"OBSBasic.SelectScene":[],"libobs.hide_scene_item.KO LEFT":[],"libobs.hide_scene_item.KO RIGHT":[],"libobs.hide_scene_item.NextBattle":[],"libobs.hide_scene_item.[SC] Championship":[],"libobs.hide_scene_item.[SC] CoinFlip":[],"libobs.hide_scene_item.[SC] Countdown 60":[],"libobs.hide_scene_item.[SC] Info":[],"libobs.hide_scene_item.[SC] Round":[],"libobs.hide_scene_item.[SC] Votes left":[],"libobs.hide_scene_item.[SC] Votes right":[],"libobs.show_scene_item.KO LEFT":[],"libobs.show_scene_item.KO RIGHT":[],"libobs.show_scene_item.NextBattle":[],"libobs.show_scene_item.[SC] Championship":[],"libobs.show_scene_item.[SC] CoinFlip":[],"libobs.show_scene_item.[SC] Countdown 60":[],"libobs.show_scene_item.[SC] Info":[],"libobs.show_scene_item.[SC] Round":[],"libobs.show_scene_item.[SC] Votes left":[],"libobs.show_scene_item.[SC] Votes right":[]},"id":"scene","mixers":0,"monitoring_type":0,"muted":false,"name":"[NS] Song Championship","prev_ver":486539266,"private_settings":{"show_in_multiview":false,"transition_duration":500},"push-to-mute":false,"push-to-mute-delay":0,"push-to-talk":false,"push-to-talk-delay":0,"settings":{"custom_size":false,"id_counter":20,"items":[{"align":5,"blend_method":"default","blend_type":"normal","bounds":{"x":1920.0,"y":1080.0},"bounds_align":0,"bounds_type":2,"crop_bottom":0,"crop_left":0,"crop_right":0,"crop_top":0,"group_item_backup":false,"hide_transition":{"duration":0},"id":2,"locked":false,"name":"[SC] Championship","pos":{"x":0.0,"y":0.0},"private_settings":{},"rot":0.0,"scale":{"x":1.0,"y":1.0},"scale_filter":"disable","show_transition":{"duration":0},"visible":false},{"align":5,"blend_method":"default","blend_type":"normal","bounds":{"x":0.0,"y":0.0},"bounds_align":0,"bounds_type":0,"crop_bottom":0,"crop_left":0,"crop_right":0,"crop_top":0,"group_item_backup":false,"hide_transition":{"duration":0},"id":4,"locked":false,"name":"[SC] Votes left","pos":{"x":403.0,"y":785.0},"private_settings":{},"rot":0.0,"scale":{"x":0.4453125,"y":0.44318181276321411},"scale_filter":"disable","show_transition":{"duration":5000},"visible":false},{"align":5,"blend_method":"default","blend_type":"normal","bounds":{"x":0.0,"y":0.0},"bounds_align":0,"bounds_type":0,"crop_bottom":0,"crop_left":0,"crop_right":0,"crop_top":0,"group_item_backup":false,"hide_transition":{"duration":0},"id":5,"locked":false,"name":"[SC] Votes right","pos":{"x":1460.0,"y":785.0},"private_settings":{},"rot":0.0,"scale":{"x":0.4453125,"y":0.44318181276321411},"scale_filter":"disable","show_transition":{"duration":0},"visible":false},{"align":5,"blend_method":"default","blend_type":"normal","bounds":{"x":0.0,"y":0.0},"bounds_align":0,"bounds_type":0,"crop_bottom":0,"crop_left":0,"crop_right":0,"crop_top":0,"group_item_backup":false,"hide_transition":{"duration":0},"id":6,"locked":false,"name":"KO RIGHT","pos":{"x":1040.0,"y":292.5},"private_settings":{},"rot":0.0,"scale":{"x":0.4583333432674408,"y":0.4583333432674408},"scale_filter":"disable","show_transition":{"duration":0},"visible":false},{"align":5,"blend_method":"default","blend_type":"normal","bounds":{"x":0.0,"y":0.0},"bounds_align":0,"bounds_type":0,"crop_bottom":0,"crop_left":0,"crop_right":0,"crop_top":0,"group_item_backup":false,"hide_transition":{"duration":0},"id":7,"locked":false,"name":"KO LEFT","pos":{"x":0.0,"y":295.0},"private_settings":{},"rot":0.0,"scale":{"x":0.45364582538604736,"y":0.45370370149612427},"scale_filter":"disable","show_transition":{"duration":0},"visible":false},{"align":5,"blend_method":"default","blend_type":"normal","bounds":{"x":1920.0,"y":315.0},"bounds_align":0,"bounds_type":2,"crop_bottom":0,"crop_left":0,"crop_right":0,"crop_top":0,"group_item_backup":false,"hide_transition":{"duration":0},"id":8,"locked":false,"name":"[SC] Round","pos":{"x":0.0,"y":0.0},"private_settings":{},"rot":0.0,"scale":{"x":1.0,"y":1.0},"scale_filter":"disable","show_transition":{"duration":0},"visible":false},{"align":5,"blend_method":"default","blend_type":"normal","bounds":{"x":1920.0,"y":692.375},"bounds_align":0,"bounds_type":1,"crop_bottom":0,"crop_left":0,"crop_right":0,"crop_top":0,"group_item_backup":false,"hide_transition":{"duration":0},"id":9,"locked":false,"name":"[SC] Info","pos":{"x":0.0,"y":252.0},"private_settings":{},"rot":0.0,"scale":{"x":1.0,"y":1.0},"scale_filter":"disable","show_transition":{"duration":0},"visible":false},{"align":5,"blend_method":"default","blend_type":"normal","bounds":{"x":0.0,"y":0.0},"bounds_align":0,"bounds_type":0,"crop_bottom":583,"crop_left":655,"crop_right":656,"crop_top":0,"group_item_backup":false,"hide_transition":{"duration":1000,"id":"fade_transition","name":"[SC] CoinFlip Hide Transition","transition":{},"versioned_id":"fade_transition"},"id":15,"locked":false,"name":"[SC] CoinFlip","pos":{"x":474.0,"y":289.0},"private_settings":{},"rot":0.0,"scale":{"x":1.5977011919021606,"y":1.5968253612518311},"scale_filter":"disable","show_transition":{"duration":4000,"id":"slide_transition","name":"[SC] CoinFlip Show Transition","transition":{"direction":"up"},"versioned_id":"slide_transition"},"visible":false},{"align":5,"blend_method":"default","blend_type":"normal","bounds":{"x":0.0,"y":0.0},"bounds_align":0,"bounds_type":0,"crop_bottom":0,"crop_left":0,"crop_right":0,"crop_top":0,"group_item_backup":false,"hide_transition":{"duration":0},"id":18,"locked":false,"name":"NextBattle","pos":{"x":0.0,"y":0.0},"private_settings":{},"rot":0.0,"scale":{"x":1.0,"y":1.0},"scale_filter":"disable","show_transition":{"duration":0},"visible":false},{"align":5,"blend_method":"default","blend_type":"normal","bounds":{"x":0.0,"y":0.0},"bounds_align":0,"bounds_type":0,"crop_bottom":211,"crop_left":281,"crop_right":0,"crop_top":226,"group_item_backup":false,"hide_transition":{"duration":0},"id":19,"locked":false,"name":"[SC] Countdown 60","pos":{"x":824.5,"y":798.0},"private_settings":{},"rot":0.0,"scale":{"x":0.52215796709060669,"y":0.52147239446640015},"scale_filter":"disable","show_transition":{"duration":0},"visible":false}]},"sync":0,"versioned_id":"scene","volume":1.0}]}